Titulo,DOI_final
A Comparative Study for Condition Monitoring on Wind Turbine Blade using Vibration Signals through Statistical Features: a Lazy Learning Approach,https://doi.org/10.14419/ijet.v7i4.10.20833
A Complete Design of Smart Wind Farm Enriched with Novel Anemometer,https://doi.org/10.17762/ijritcc.v11i6s.6950
A Comprehensive Analysis of Wind Turbine Blade Damage,https://doi.org/10.3390/en14185974
A Conditional Convolutional Autoencoder-Based Method for Monitoring Wind Turbine Blade Breakages,10.1109/TII.2020.3011441
A Context-Aware Oil Debris-Based Health Indicator for Wind Turbine Gearbox Condition Monitoring,https://doi.org/10.3390/en12173373
A Data-Driven Approach for Condition Monitoring of Wind Turbine Pitch Systems,https://doi.org/10.3390/en11082142
A Dependability Neural Network Approach for Short-Term Production Estimation of a Wind Power Plant,https://doi.org/10.3390/en17071627
A Drone-Driven X-Ray Image-Based Diagnosis of Wind Turbine Blades for Reliable Operation of Wind Turbine,https://doi.org/10.1109/access.2024.3388494
A Fault Detection System for The Yaw Control of A HAWT Based on Neural Networking,https://doi.org/10.37934/arfmts.85.1.135142
A Fault Diagnosis Method for Wind Turbines of New Wind Farm Based on Joint Matching Adaptive Network,10.1109/SDPC52933.2021.9563380
A Fault Diagnosis Methodfor Wind Turbines of New Wind Farm Based on Joint Matching Adaptive Network,
A Fault Diagnosis Technique for Wind Turbine Gearbox: An Approach using Optimized BLSTM Neural Network with Undercomplete Autoencoder,https://doi.org/10.48084/etasr.5595
A Hybrid Feature Selection and Construction Method for Detection of Wind Turbine Generator Heating Faults,https://doi.org/10.1109/cgee59468.2023.10351915
A Hybrid Intelligent Model for the Condition Monitoring and Diagnostics of Wind Turbines Gearbox,https://doi.org/10.1109/access.2021.3090434
A Lightweight CNN for Wind Turbine Blade Defect Detection Based on Spectrograms,https://doi.org/10.3390/machines11010099
A New Fault Diagnosis Algorithm for PMSG Wind Turbine Power Converters under Variable Wind Speed Conditions,https://doi.org/10.3390/en9070548
A New Method of Two-stage Planetary Gearbox Fault Detection Based on Multi-Sensor Information Fusion,https://doi.org/10.3390/app9245443
A Normal Behavior-Based Condition Monitoring Method for Wind Turbine Main Bearing Using Dual Attention Mechanism and Bi-LSTM,https://doi.org/10.3390/en15228462
A Novel Data-Driven Approach with a Long Short-Term Memory Autoencoder Model with a Multihead Self-Attention Deep Learning Model for Wind Turbine Converter Fault Detection,10.3390/app14177458
A Novel Deep Class-Imbalanced Semisupervised Model for Wind Turbine Blade Icing Detection,https://doi.org/10.1109/tnnls.2021.3102514
A Novel Degradation Identification Method for Wind Turbine Pitch System,https://doi.org/10.1088/1755-1315/133/1/012011
A Novel Fault Prediction Method of Wind Turbine Gearbox Based on Pair-Copula Construction and BP Neural Network,https://doi.org/10.1109/access.2020.2994077
A Novel Method for Multistage Degradation Predicting the Remaining Useful Life of Wind Turbine Generator Bearings Based on Domain Adaptation,https://doi.org/10.3390/app132212332
A Novel Probabilistic Long-Term Fault Prediction Framework Beyond SCADA Data - With Applications in Main Bearing Failure,https://doi.org/10.1088/1742-6596/1222/1/012043
A Performance Monitoring Approach for the Novel Lillgrund Offshore Wind Farm,https://doi.org/10.1109/tie.2015.2442212
A Physics-informed Neural Network for Wind Turbine Main Bearing Fatigue,https://doi.org/10.36001/ijphm.2020.v11i1.2594
A Research on Fault Diagnosis of Wind Turbine CMS Based on Bayesian-GAN-LSTM Neural Network,10.1088/1742-6596/2417/1/012031
A Review and Methodology Development for Remaining Useful Life Prediction of Offshore Fixed and Floating Wind turbine Power Converter with Digital Twin Technology Perspective,https://doi.org/10.1109/icgea.2018.8356292
A Review of the Development of Key Technologies for Offshore Wind Power in China,https://doi.org/10.3390/jmse10070929
A Robust Wind Turbine Component Health Status Indicator,https://doi.org/10.3390/app14167256
A SCADA-Data-Driven Condition Monitoring Method of Wind Turbine Generators,https://doi.org/10.1109/access.2022.3185259
A Short-Term Outage Model of Wind Turbines with Doubly Fed Induction Generators Based on Supervisory Control and Data Acquisition Data,https://doi.org/10.3390/en9110882
A Survey on Non-Destructive Smart Inspection of Wind Turbine Blades Based on Industry 4.0 Strategy,https://doi.org/10.3390/applmech3040075
A Wind Turbine Bearing Performance Evaluation Method Based on Similarity Analysis of Fuzzy k-Principal Curves in Manifold Space,10.1109/ACCESS.2019.2903355
A Wind Turbine Vibration Monitoring System for Predictive Maintenance Based on Machine Learning Methods Developed under Safely Controlled Laboratory Conditions,10.3390/en16052290
A closed-loop maintenance strategy for offshore wind farms: Incorporating dynamic wind farm states and uncertainty-awareness in decision-making,https://doi.org/10.1016/j.rser.2023.113535
A comprehensive study on Structural Health Monitoring (SHM) of wind turbine blades by instrumenting tower using machine learning methods,10.1016/j.renene.2022.09.032
A deep convolutional autoencoder for wind turbine blades health condition monitoring based on FBG strain gauges measurement,
A digital twin solution for floating offshore wind turbines validated using a full-scale prototype,https://doi.org/10.5194/wes-9-1-2024
A fault diagnosis method for wind turbines with limited labeled data based on balanced joint adaptive network,10.1016/j.neucom.2022.01.067
A fault prediction framework for Doubly-fed induction generator under time-varying operating conditions driven by digital twin,10.1049/elp2.12280
A hybrid prognostic methodology for tidal turbine gearboxes,https://doi.org/10.1016/j.renene.2017.07.093
A methodological approach for detecting multiple faults in wind turbine blades based on vibration signals and machine learning,https://doi.org/10.1515/cls-2022-0214
A novel local feature fusion architecture for wind turbine pitch fault diagnosis with redundant feature screening,10.1007/s40747-024-01584-z
A novel multi-task transfer model to realize unsupervised fault diagnosis of newly constructed wind turbines under variable conditions,10.1117/12.3026262
A novel wind turbine condition monitoring method based on cloud computing,10.1016/j.renene.2018.12.045
A review of challenges and framework development for corrosion fatigue life assessment of monopile-supported horizontal-axis offshore wind turbines,https://doi.org/10.1080/17445302.2022.2140531
"A review of wind turbine main bearings: design, operation, modelling, damage mechanisms and fault detection",https://doi.org/10.5194/wes-5-105-2020
A review on data‐centric decision tools for offshore wind operation and maintenance activities: Challenges and opportunities,https://doi.org/10.1002/ese3.1376
A review on wind turbines gearbox fault diagnosis methods,https://doi.org/10.21595/jve.2020.20178
A state detection method of offshore wind turbines’ gearbox bearing based on the transformer and GRU,10.1088/1361-6501/ad0956
A state-of-the-art review on wind power converter fault diagnosis,https://doi.org/10.1016/j.egyr.2022.03.178
A systematic Failure Mode Effects and Criticality Analysis for offshore wind turbine systems towards integrated condition based maintenance strategies,https://doi.org/10.1016/j.oceaneng.2019.02.048
Acoustic-Signal-Based Damage Detection of Wind Turbine Blades—A Review,https://doi.org/10.3390/s23114987
Active acoustic damage detection of structural cavities using internal acoustic excitations,https://doi.org/10.1177/1475921719835761
Active learning for gear defect detection in gearboxes,https://doi.org/10.36001/phme.2024.v8i1.4050
Active trailing edge flap system fault detection via machine learning,https://doi.org/10.5194/wes-9-181-2024
Actuator FDI Scheme for a Wind Turbine Benchmark Using Sliding Mode Observers,https://doi.org/10.3390/pr11061690
Advancements in Predictive Maintenance: A Bibliometric Review of Diagnostic Models Using Machine Learning Techniques,https://doi.org/10.3390/analytics3040028
Aerodynamic Noise-Based Fault Detection for Wind Turbine Blades: An Online Unsupervised Approach,10.1109/ICPST61417.2024.10602236
Algorithmic performance constraints for wind turbine condition monitoring via convolutional sparse coding with dictionary learning,10.1177/1748006X20984260
An Approach of Quantifying Gear Fatigue Life for Wind Turbine Gearboxes Using Supervisory Control and Data Acquisition Data,https://doi.org/10.3390/en10081084
An Early Fault Detection Method for Wind Turbine Main Bearings Based on Self-Attention GRU Network and Binary Segmentation Changepoint Detection Algorithm,https://doi.org/10.3390/en16104123
An Ensemble Learning Solution for Predictive Maintenance of Wind Turbines Main Bearing,https://doi.org/10.3390/s21041512
An Improved LightGBM Algorithm for Online Fault Detection of Wind Turbine Gearboxes,https://doi.org/10.3390/en13040807
An Online Hybrid Model for Temperature Prediction of Wind Turbine Gearbox Components,https://doi.org/10.3390/en12203920
An Overview on Structural Health Monitoring and Fault Diagnosis of Offshore Wind Turbine Support Structures,https://doi.org/10.3390/jmse12030377
An accurate detection method for turbine icing issues using LSTM network,https://doi.org/10.1088/1755-1315/237/3/032109
An autonomous decision-making agent for offshore wind turbine blades under leading edge erosion,https://doi.org/10.1016/j.renene.2024.120525
"An end-to-end, real-time solution for condition monitoring of wind turbine generators",10.3390/en13184817
An experimental study on the identification of the root bolts' state of wind turbine blades using blade sensors,https://doi.org/10.1002/we.2892
Analysing RMS and peak values of vibration signals for condition monitoring of wind turbine gearboxes,https://doi.org/10.1016/j.renene.2016.01.006
Analysis and Design of Wind Turbine Monitoring System Based on Edge Computing,https://doi.org/10.4108/ew.5742
Analysis of Vibration Signals Based on Machine Learning for Crack Detection in a Low-Power Wind Turbine,https://doi.org/10.3390/e25081188
Analysis of Wind Turbine Equipment Failure and Intelligent Operation and Maintenance Research,https://doi.org/10.3390/su15108333
Analysis of the Gearbox Oil Maintenance Procedures in Wind Energy II,https://doi.org/10.3390/en14123572
Anomaly Detection Indicators of a Wind Turbine Gearbox Based on Feature Extraction from its Vibration Performance,https://doi.org/10.36001/phme.2018.v4i1.61
Anomaly Detection and Explanation of Wind Turbine Main Bearings using Autoencoder and Bayesian Network Models,https://doi.org/10.21428/594757db.53bdc8c7
Anomaly Detection in Vibration Signals for Structural Health Monitoring of an Offshore Wind Turbine,10.1007/978-3-031-07322-9_36
Anomaly Detection of Wind Turbine Driveline Based on Sequence Decomposition Interactive Network,https://doi.org/10.3390/s23218964
Anomaly Detection of Wind Turbine Gearbox Based on Digital Twin Drive,10.1109/SCEMS48876.2020.9352321
Anomaly Detection on Small Wind Turbine Blades Using Deep Learning Algorithms,https://doi.org/10.3390/en17050982
Anomaly Identification of Wind Turbine Gearboxes Based on Similarity Theory,https://doi.org/10.2991/cmfe-15.2015.200
Anomaly Identification of Wind Turbine Yaw System Based on Two-Stage Attention–Informer Algorithm,10.3390/app14198746
Anomaly detection in wind turbine blades based on PCA and convolutional kernel transform models: employing multivariate SCADA time series analysis,10.1088/1361-6501/ad457d
Anomaly detection of wind turbine generator based on temporal information,10.1145/3377170.3377271
Applicability of machine learning approaches for structural damage detection of offshore wind jacket structures based on low resolution data,https://doi.org/10.1088/1742-6596/1618/2/022063
Application Research of ARIMA Model in Wind Turbine Gearbox Fault Trend Prediction,10.1109/SDPC.2018.8664793
Application of Artificial Neural Network for Damage Detection in Planetary Gearbox of Wind Turbine,https://doi.org/10.1155/2016/4086324
Application of Discrete Wavelet Transform for Condition Monitoring and Fault Detection in Wind Turbine Blades: An Experimental Study,https://doi.org/10.30684/etj.2023.142023.1516
Application of Wavelet synchrosqueezing transform for wind turbine gearbox fault diagnosis,10.1109/ICCIC.2016.7919668
Application of functional modelling for monitoring of WTG in a cyber‐physical environment,https://doi.org/10.1049/iet-cps.2017.0109
Application of terrestrial laser scanning measurements for wind turbine blade condition surveying,https://doi.org/10.24425/mms.2023.146419
Applying thermophysics for wind turbine drivetrain fault diagnosis using SCADA data,https://doi.org/10.1049/iet-rpg.2015.0160
Artificial Intelligence-Driven Prognostics and Health Management for Centrifugal Pumps: A Comprehensive Review,https://doi.org/10.3390/act13120514
Aspects of structural health and condition monitoring of offshore wind turbines,https://doi.org/10.1098/rsta.2014.0075
Assessing the progression of wind turbine energy yield losses due to blade erosion by resolving damage geometries from lab tests and field observations,https://doi.org/10.1016/j.renene.2023.119256
Assessment of Equipment Operation State with Improved Random Forest,https://doi.org/10.1155/2021/8813443
Autoencoder-based anomaly root cause analysis for wind turbines,https://doi.org/10.1016/j.egyai.2021.100065
Automated on‐line fault prognosis for wind turbine pitch systems using supervisory control and data acquisition,https://doi.org/10.1049/iet-rpg.2014.0181
Automatic Detection and Intensity Classification of Pitch Misalignment of Wind Turbine Blades: a Learning-based Approach,https://doi.org/10.1088/1742-6596/2767/3/032010
Automatic Fault Diagnosis in Wind Turbine Condition Monitoring,https://doi.org/10.36001/phme.2020.v5i1.1251
Automatic Signal Denoising and Multi-Component Fault Classification Based on Deep Learning Using Integrated Condition Monitoring in a Wind Turbine Gearbox,10.1007/s42417-024-01380-6
Automatic detection and correction of pitch misalignment in wind turbine rotors,https://doi.org/10.5194/wes-3-791-2018
Autonomous Sensor System for Wind Turbine Blade Collision Detection,10.1109/JSEN.2021.3081533
Bayesian Based Diagnostic Model for Condition Based Maintenance of Offshore Wind Farms,https://doi.org/10.3390/en11020300
Bayesian Network Model for Accessing Safety and Security of Offshore Wind Farms,https://doi.org/10.3850/978-981-14-8593-0_5799-cd
Bayesian based Prognostic Model for Predictive Maintenance of Offshore Wind Farms,https://doi.org/10.36001/ijphm.2018.v9i1.2696
Bearing Health and Safety Analysis to Improve the Reliability and Efficiency of Horizontal Axis Wind Turbine,https://doi.org/10.3850/978-981-18-8071-1_p180-cd
Behavior Anomaly Indicators Based on Reference Patterns—Application to the Gearbox and Electrical Generator of a Wind Turbine,https://doi.org/10.3390/en11010087
Blade imbalance fault identification in doubly fed induction generator through current signature analysis using wavelet transform,https://doi.org/10.11591/eei.v13i3.5679
Boosted Convolutional Neural Network Algorithm for the Classification of the Bearing Fault form 1-D Raw Sensor Data,10.3390/s23094295
Boosting field data using synthetic SCADA datasets for wind turbine condition monitoring,10.1088/1742-6596/2767/3/032033
Calculating wind turbine component loads for improved life prediction,https://doi.org/10.1016/j.renene.2019.06.131
Characterisation of Composite Materials for Wind Turbines Using Frequency Modulated Continuous Wave Sensing,https://doi.org/10.3390/jcs7020075
Classification and Detection of Wind Turbine Pitch Faults Through SCADA Data Analysis,https://doi.org/10.36001/ijphm.2013.v4i3.2146
Classification of Highly Imbalanced Supervisory Control and Data Acquisition Data for Fault Detection of Wind Turbine Generators,10.3390/en17071590
Co-Design Model for Neuromorphic Technology Development in Rolling Element Bearing Condition Monitoring,
Comparative analysis of binning and support vector regression for wind turbine rotor speed based power curve use in condition monitoring,10.1109/UPEC.2018.8542057
Comparative assessments of binned and support vector regression-based blade pitch curve of a wind turbine for the purpose of condition monitoring,10.1007/s40095-018-0287-3
Comparative study between S-N and fracture mechanics approach on reliability assessment of offshore wind turbine jacket foundations,10.1016/j.ress.2021.107838
Comparison of New Anomaly Detection Technique for Wind Turbine Condition Monitoring Using Gearbox SCADA Data,https://doi.org/10.3390/en13195152
Comparison of novel SCADA Data Cleaning Technique for Wind Turbine Electric Pitch System,https://doi.org/10.1088/1742-6596/2151/1/012005
Comprehensive Analysis and Evaluation of the Operation and Maintenance of Offshore Wind Power Systems: A Survey,https://doi.org/10.3390/en16145562
Condition Assessment and Analysis of Bearing of Doubly Fed Wind Turbines Using Machine Learning Technique,10.3390/en16052367
Condition Monitoring Method for the Gearboxes of Offshore Wind Turbines Based on Oil Temperature Prediction,10.3390/en16176275
Condition Monitoring and Fault Diagnosis of Wind Turbines Gearbox Bearing Temperature Based on Kolmogorov-Smirnov Test and Convolutional Neural Network Model,https://doi.org/10.3390/en11092248
Condition Monitoring for Roller Bearings of Wind Turbines Based on Health Evaluation under Variable Operating States,https://doi.org/10.3390/en10101564
Condition Monitoring for the Roller Bearings of Wind Turbines under Variable Working Conditions Based on the Fisher Score and Permutation Entropy,https://doi.org/10.3390/en12163085
Condition Monitoring of Wind Turbine Gearbox Bearing Based on Deep Learning Model,https://doi.org/10.1109/access.2019.2912621
Condition Monitoring of Wind Turbine Generators Based on SCADA Data and Feature Transfer Learning,10.1109/ACCESS.2023.3240306
Condition Monitoring of Wind Turbine Main Bearing Based on Multivariate Time Series Forecasting,https://doi.org/10.3390/en15051951
Condition Monitoring of Wind Turbine Pitch System Based on Informer,10.1109/PHM-Hangzhou58797.2023.10482685
Condition Monitoring of Wind Turbines Based on Anomaly Detection Using Deep Support Vector Data Description,10.1115/1.4062768
Condition monitoring for planetary journal bearings in wind turbine gearboxes by means of acoustic measurements and machine learning,10.24053/TuS-2024-0008
Condition monitoring of mooring systems for Floating Offshore Wind Turbines using Convolutional Neural Network framework coupled with Autoregressive coefficients,10.1016/j.oceaneng.2024.117650
Condition monitoring of wind turbine gearbox using electrical signatures,10.1109/ICMDCS.2017.8211718
Condition monitoring of wind turbines using machine learning based anomaly detection and statistical techniques for the extraction of 'healthy data',https://doi.org/10.36001/phmconf.2021.v13i1.2980
Condition monitoring systems: a systematic literature review on machine-learning methods improving offshore-wind turbine operational management,10.1080/14786451.2021.1890736
Condition-Based Maintenance for Offshore Wind Turbines Based on Support Vector Machine,https://doi.org/10.3390/en13143518
Contending Remaining Useful Life Algorithms,https://doi.org/10.36001/phmconf.2020.v12i1.1274
Context-informed conditional anomaly detection approach for wave power plants: The case of air turbines,https://doi.org/10.1016/j.oceaneng.2022.111196
Cost-Sensitive Extremely Randomized Trees Algorithm for Online Fault Detection of Wind Turbine Generators,https://doi.org/10.3389/fenrg.2021.686616
Cost-Sensitive LightGBM-Based Online Fault Detection Method for Wind Turbine Gearboxes,https://doi.org/10.3389/fenrg.2021.701574
Current-Based Fault Detection and Identification for Wind Turbine Drivetrain Gearboxes,https://doi.org/10.1109/tia.2016.2628362
DEVELOP THE FEED-FORWARD NEURAL NETWORKS FOR THE PREDICTION OF WIND TURBINE BLADE FATIGUE LOADS,https://doi.org/10.56452/2022-11-008
Damage Detection and Localization at the Jacket Support of an Offshore Wind Turbine Using Transformer Models,https://doi.org/10.1155/2023/6646599
Damage Detection in an Offshore Experimental Wind Turbine Foundation based on Autoencoder Deep Neural Networks,
Damage Diagnosis for Offshore Wind Turbine Foundations Based on the Fractal Dimension,https://doi.org/10.3390/app10196972
Damage Identification of Wind Turbine Blades - A Brief Review,https://doi.org/10.37965/jdmd.2023.422
Data Driven Decision Making in Planning the Maintenance Activities of Off-shore Wind Energy,https://doi.org/10.1016/j.procir.2016.09.026
Data Fusion and Ensemble Learning for Advanced Anomaly Detection Using Multi-Spectral RGB and Thermal Imaging of Small Wind Turbine Blades,https://doi.org/10.3390/en17030673
Data Insights from an Offshore Wind Turbine Gearbox Replacement,https://doi.org/10.1088/1742-6596/1104/1/012003
Data annotation and feature extraction in fault detection in a wind turbine hydraulic pitch system,10.1016/j.renene.2021.12.047
Data management for structural integrity assessment of offshore wind turbine support structures: data cleansing and missing data imputation,10.1016/j.oceaneng.2019.01.003
Data-Driven Assessment of Wind Turbine Performance Decline with Age and Interpretation Based on Comparative Test Case Analysis,https://doi.org/10.3390/s22093180
Data-driven farm-wide fatigue estimation on jacket-foundation OWTs for multiple SHM setups,https://doi.org/10.5194/wes-7-299-2022
Data-driven models for strain-based damage identification in composite wind turbine blades,https://doi.org/10.21741/9781644902455-3
Data-driven virtual sensor for online loads estimation of drivetrain of wind turbines,https://doi.org/10.1007/s10010-023-00615-4
Data‐driven models for predicting remaining useful life of high‐speed shaft bearings in wind turbines using vibration signal analysis and sparrow search algorithm,https://doi.org/10.1002/ese3.1597
Data‐driven weather forecasting models performance comparison for improving offshore wind turbine availability and maintenance,https://doi.org/10.1049/iet-rpg.2019.0941
Deep Learning Approach for Sensor Data Prediction and Sensor Fault Diagnosis in Wind Turbine Blade,https://doi.org/10.1109/access.2022.3219480
Deep Neural Network Hard Parameter Multi-Task Learning for Condition Monitoring of an Offshore Wind Turbine,https://doi.org/10.1088/1742-6596/2265/3/032091
Deep learning method for fault detection of wind turbine converter,10.3390/app11031280
Defects Detection on 110 MW AC Wind Farm’s Turbine Generator Blades Using Drone-Based Laser and RGB Images with Res-CNN3 Detector,https://doi.org/10.3390/app132413046
Design of a Condition Monitoring System for Wind Turbines,10.3390/en15020464
Design of an Improved Remaining Useful Life Prediction Model Based on Vibration Signals of Wind Turbine Rotating Components,https://doi.org/10.3390/en17010019
Detecting Damage on Wind Turbine Bearings Using Acoustic Emissions and Gaussian Process Latent Variable Models,https://doi.org/10.12783/shm2015/286
Detecting Wind Turbine Blade Icing with a Multiscale Long Short-Term Memory Network,https://doi.org/10.3390/en15082864
Detecting bearing failures in wind energy parks: A main bearing early damage detection method using SCADA data and a convolutional autoencoder,https://doi.org/10.1002/ese3.1398
Detection and classification of faults in pitch-regulated wind turbine generators using normal behaviour models based on performance curves,10.1016/j.renene.2016.12.075
Detection of crack bar deterioration at offshore wind turbine supports using generative adversarial networks and autoencoders,https://doi.org/10.1088/1742-6596/2647/18/182010
Detection of pitch failures in wind turbines using environmental noise recognition techniques,https://doi.org/10.36001/phmconf.2015.v7i1.2674
Development of a Fault Monitoring Technique for Wind Turbines Using a Hidden Markov Model,https://doi.org/10.3390/s18061790
Development of a wind turbine gearbox virtual load sensor using multibody simulation and artificial neural networks,https://doi.org/10.1007/s10010-021-00460-3
"Development of a wireless, non-intrusive, MEMS-based pressure and acoustic measurement system for large-scale operating wind turbine blades",https://doi.org/10.5194/wes-7-1383-2022
Development of an SVR Model for the Fault Diagnosis of Large-Scale Doubly-Fed Wind Turbines Using SCADA Data,https://doi.org/10.3390/en12173396
Diagnosis of Blade Icing Using Multiple Intelligent Algorithms,https://doi.org/10.3390/en13112975
Diagnosis of Faulty Wind Turbine Bearings Using Tower Vibration Measurements,https://doi.org/10.3390/en13061474
Diagnosis of the health status of mooring systems for floating offshore wind turbines using autoencoders,https://doi.org/10.1016/j.oceaneng.2023.115862
Diagnostic Models for Wind Turbine Gearbox Components Using SCADA Time Series Data,10.1109/ICPHM.2018.8448545
Digital tools for floating offshore wind turbines (FOWT): A state of the art,https://doi.org/10.1016/j.egyr.2021.12.034
Domain-invariant icing detection on wind turbine rotor blades with generative artificial intelligence for deep transfer learning,https://doi.org/10.1017/eds.2023.9
Drivetrain reliability improvements from long-term field data processed in the cloud,https://doi.org/10.1088/1742-6596/1222/1/012044
Dynamic Fault Monitoring of Pitch System in Wind Turbines using Selective Ensemble Small-World Neural Networks,https://doi.org/10.3390/en12173256
Dynamic Reliability and Availability Allocation of Wind Turbine Subassemblies Through Importance Measures,https://doi.org/10.1109/access.2022.3203423
Dynamic behavior analysis method for the normal and faulty drivetrain of wind turbine under multi‐working conditions,https://doi.org/10.1002/ese3.1543
"Early Detection of Gearbox Damage, Development of ANN Forecast Maintenance Tool",10.1109/TDLA47668.2020.9326244
Early Detection of Gearbox Failures in Wind Turbines Using Artificial Neural Networks and SCADA Data,10.1007/978-3-031-64569-3_39
Early Fault Detection in the Main Bearing of Wind Turbines Based on Gated Recurrent Unit (GRU) Neural Networks and SCADA Data,https://doi.org/10.1109/tmech.2022.3185675
Early Fault Detection with Multi-target Neural Networks,10.1007/978-3-030-86970-0_30
Early anomaly detection of wind turbine gearbox based on SLFormer neural network,10.1016/j.oceaneng.2024.118925
Economic Viability of Implementing Structural Health Monitoring Systems on the Support Structures of Bottom-Fixed Offshore Wind,https://doi.org/10.3390/en16134885
Effect of weather forecast uncertainty on offshore wind farm availability assessment,https://doi.org/10.1016/j.oceaneng.2023.115265
Effects of Damaged Rotor on Wake Dynamics of Vertical Axis Wind Turbines,https://doi.org/10.3390/en14217060
Enhancing Gearbox Fault Diagnosis through Advanced Feature Engineering and Data Segmentation Techniques,https://doi.org/10.3390/machines12040261
Enhancing Reliability in Floating Offshore Wind Turbines through Digital Twin Technology: A Comprehensive Review,https://doi.org/10.3390/en17081964
Enhancing the generalizability of predictive models with synergy of data and physics,https://doi.org/10.1088/1361-6501/ac3944
Ensemble of feature extraction methods to improve the structural damage classification in a wind turbine foundation,10.24425/bpasts.2023.144606
Estimating Health Condition of the Wind Turbine Drivetrain System,https://doi.org/10.3390/en10101583
Estimating the Remaining Power Generation of Wind Turbines—An Exploratory Study for Main Bearing Failures,https://doi.org/10.3390/en13133406
Evaluation and Prediction Method of Rolling Bearing Performance Degradation Based on Attention‐LSTM,https://doi.org/10.1155/2021/6615920
Experiences from Wind Turbine Pilot Test of a Remote Inspection System,https://doi.org/10.1016/j.egypro.2017.10.362
Exploring Quantum Machine Learning and Feature Reduction Techniques for Wind Turbine Pitch Fault Detection,10.3390/en15082792
Extending the Lifetime of Offshore Wind Turbines: Challenges and Opportunities,https://doi.org/10.3390/en17164191
FEM and ANN approaches to wind turbine gearbox monitoring and diagnosis: a mini review,10.1007/s40860-022-00183-4
Farm‐wide interface fatigue loads estimation: A data‐driven approach based on accelerometers,https://doi.org/10.1002/we.2888
Fault Detection Method for Wind Turbine Generators Based on Attention-Based Modeling,https://doi.org/10.3390/app13169276
Fault Detection and Condition Monitoring of PMSGs in Offshore Wind Turbines,https://doi.org/10.3390/machines9110260
Fault Detection and Diagnosis Methods for Fluid Power Pitch System Components—A Review,https://doi.org/10.3390/en14051305
Fault Detection for Pitch System of Wind Turbine-Driven Doubly Fed Based on IHHO-LightGBM,https://doi.org/10.3390/app11178030
Fault Detection for Wind Turbine Blade Bolts Based on GSG Combined with CS-LightGBM,https://doi.org/10.3390/s22186763
Fault Detection in a Wind Turbine Hydraulic Pitch System Using Deep Autoencoder Extracted Features,https://doi.org/10.36001/phme.2022.v7i1.3330
Fault Detection of Wind Turbine Electric Pitch System Based on IGWO-ERF,https://doi.org/10.3390/s21186215
Fault Detection of Wind Turbine Gearboxes Based on IBOA-ERF,https://doi.org/10.3390/s22186826
Fault Detection of Wind Turbine Pitch System Based on Multiclass Optimal Margin Distribution Machine,https://doi.org/10.1155/2020/2091382
"Fault Detection of a Wind Turbine's Gearbox, based on Power Curve Modeling and an on-line Statistical Change Detection Algorithm",https://doi.org/10.12700/aph.18.6.2021.6.10
Fault Detection of the Wind Turbine Variable Pitch System Based on Large Margin Distribution Machine Optimized by the State Transition Algorithm,https://doi.org/10.1155/2020/9718345
Fault Diagnosis Method for Wind Turbine Gearboxes Based on IWOA-RF,https://doi.org/10.3390/en14196283
Fault Diagnosis and Condition Monitoring in Wave Energy Converters: A Review,https://doi.org/10.3390/en16196777
Fault Diagnosis in Wind Turbine Planetary Gearbox Using Vibration Time-Frequency Analysis Technique,https://doi.org/10.46719/npsc20202814
Fault Diagnosis of Wind Turbine Based on Convolution Neural Network Algorithm,https://doi.org/10.1155/2022/8355417
Fault Diagnosis of Wind Turbine Blades Based on Chaotic System and Extension Neural Network,https://doi.org/10.18494/sam.2021.3208
Fault Diagnosis of Wind Turbine Blades using Histogram Features through Nested Dichotomy Classifiers,https://doi.org/10.35940/ijrte.b1032.0982s1119
Fault Diagnosis of Wind Turbine Gearbox Based on Deep Bi-Directional Long Short-Term Memory Under Time-Varying Non-Stationary Operating Conditions,https://doi.org/10.1109/access.2019.2947501
Fault Diagnosis of Wind Turbine Gearbox Based on Multisensor Data Fusion,https://doi.org/10.1155/2022/5869958
Fault Diagnosis of Wind Turbine Gearbox Based on the Optimized LSTM Neural Network with Cosine Loss,https://doi.org/10.3390/s20082339
Fault Diagnosis of Wind Turbine Generators Based on Stacking Integration Algorithm and Adaptive Threshold,https://doi.org/10.3390/s23136198
Fault Diagnosis of Wind Turbine Pitch System Based on Multiblock KPCA Algorithm,https://doi.org/10.1109/access.2021.3054729
Fault Prediction and Diagnosis of Wind Turbine Generators Using SCADA Data,https://doi.org/10.3390/en10081210
Fault Prognosis and Remaining Useful Life Prediction of Wind Turbine Gearboxes Using Current Signal Analysis,https://doi.org/10.1109/tste.2017.2719626
Fault Prognosis for Wind Turbines' Main Bearing based on SCADA data,
Fault Simulation and Online Diagnosis of Blade Damage of Large-Scale Wind Turbines,https://doi.org/10.3390/en12030522
Fault detection by an ensemble framework of Extreme Gradient Boosting (XGBoost) in the operation of offshore wind turbines,10.1016/j.renene.2021.07.085
"Fault detection framework in wind turbine pitch systems using machine learning: Development, validation, and results",10.1016/j.engappai.2024.109307
Fault detection of a wind turbine generator bearing using interpretable machine learning,10.3389/fenrg.2023.1284676
Fault detection of key parts of wind turbine based on BP neural network combination prediction model,https://doi.org/10.1186/s42162-024-00436-x
Fault detection of offshore wind turbine gearboxes based on deep adaptive networks via considering Spatio-temporal fusion,10.1016/j.renene.2022.10.018
Fault detection of wind turbine blades based on CNN-RFECV-DT,10.1145/3672758.3672863
Fault detection of wind turbine gearbox using thermal network modelling and SCADA data,https://doi.org/10.1088/1742-6596/1618/2/022042
Fault detection of wind turbine system based on data-driven methods: a comparative study,https://doi.org/10.1007/s00521-024-09604-2
Fault diagnosis of pitch system of wind turbine based on improved stacked auto-encoder network,10.46904/eea.20.68.3.1108006
Fault diagnosis of wind turbine blade icing based on feature engineering and the PSO-ConvLSTM-transformer,10.1016/j.oceaneng.2024.117726
Fault diagnosis of wind turbine gearboxes through temperature and vibration data,
Fault diagnostics of wind turbine electric pitch systems using sensor fusion approach,https://doi.org/10.1088/1742-6596/1037/3/032036
Fault early warning of wind turbine gearbox based on multi‐input support vector regression and improved ant lion optimization,https://doi.org/10.1002/we.2604
Fault prognosis of wind turbine generator using SCADA data,10.1109/NAPS.2016.7747914
Feasibility of machine learning algorithms for classifying damaged offshore jacket structures using SCADA data,https://doi.org/10.1088/1742-6596/1669/1/012021
Feature selection techniques for modelling tower fatigue loads of a wind turbine with neural networks,https://doi.org/10.5194/wes-6-539-2021
FedBIP: A Federated Learning-Based Model for Wind Turbine Blade Icing Prediction,https://doi.org/10.1109/tim.2023.3273675
Fit-for-Purpose Information for Offshore Wind Farming Applications—Part-I: Identification of Needs and Solutions,https://doi.org/10.3390/jmse11081630
Fit-for-Purpose Information for Offshore Wind Farming Applications—Part-II: Gap Analysis and Recommendations,https://doi.org/10.3390/jmse11091817
Floating wind turbines: marine operations challenges and opportunities,https://doi.org/10.5194/wes-7-903-2022
Forecasting Pitch Response of Floating Offshore Wind Turbines with a Deep Learning Model,https://doi.org/10.3390/cleantechnol6020021
From Simulations to Accelerated Testing: Design of Experiments for Accelerated Load Testing of a Wind Turbine Drivetrain Based on Aeroelastic Multibody Simulation Data,https://doi.org/10.3390/app13010356
Fusion Structure-based Fault State Prediction of Wind Turbine Spindle,10.1007/978-981-16-8430-2_64
GA-BP Neural Network-Based Strain Prediction in Full-Scale Static Testing of Wind Turbine Blades,https://doi.org/10.3390/en12061026
Gaining Insights in Loading Events for Wind Turbine Drivetrain Prognostics,https://doi.org/10.1115/gt2020-15312
Gated Fusion Based Transformer Model for Crack Detection on Wind Turbine Blade,https://doi.org/10.32604/ee.2023.040743
Gearbox Fault Prediction of Wind Turbines Based on a Stacking Model and Change-Point Detection,https://doi.org/10.3390/en12224224
Generalized Transmissibility Damage Indicator With Application to Wind Turbine Component Condition Monitoring,https://doi.org/10.1109/tie.2016.2580519
"Global dynamics of the offshore wind energy sector monitored with Sentinel-1: Turbine count, installed capacity and site specifications",https://doi.org/10.1016/j.jag.2022.102957
Harnessing Convolutional Neural Networks for Automated Wind Turbine Blade Defect Detection,https://doi.org/10.3390/designs9010002
Health Monitoring and Safety Evaluation of the Offshore Wind Turbine Structure: A Review and Discussion of Future Development,https://doi.org/10.3390/su11020494
Health condition assessment of wind turbine generators based on supervisory control and data acquisition data,https://doi.org/10.1049/iet-rpg.2018.5504
High-Precision Main Shaft Displacement Measurement for Wind Turbines Using an Optimized Position-Sensitive Detector,https://doi.org/10.3390/electronics13245055
Hybrid Gaussian process regression and Fuzzy Inference System based approach for condition monitoring at the rotor side of a doubly fed induction generator,10.1016/j.renene.2022.08.080
Hybrid-Model-Based Digital Twin of the Drivetrain of a Wind Turbine and Its Application for Failure Synthetic Data Generation,10.3390/en16020861
Hydraulic fault detection of wind turbine generators using artificial neural networks,https://doi.org/10.26701/ems.1577643
Ice Detection Model of Wind Turbine Blades Based on Random Forest Classifier,https://doi.org/10.3390/en11102548
Ice Detection for Wind Turbine Blades Based on PSO-SVM Method,https://doi.org/10.1088/1742-6596/1087/2/022036
Impact of condition monitoring on the maintenance and economic viability of offshore wind turbines,https://doi.org/10.1016/j.ress.2023.109475
Implementation of Rule based Classifiers for Wind Turbine Blade Fault Diagnosis using Vibration Signals,https://doi.org/10.35940/ijrte.b1050.0982s1119
Implementing Rotation Forest for Wind Turbine Blade Fault Diagnosis,https://doi.org/10.35940/ijrte.b1031.0982s1119
Improved Intelligent Condition Monitoring with Diagnostic Indicator Selection,https://doi.org/10.3390/s25010137
Imputation of missing data from offshore wind farms using spatio-temporal correlation and feature correlation,10.1016/j.energy.2021.120777
In Situ Structural Health Monitoring of Full-Scale Wind Turbine Blades in Operation Based on Stereo Digital Image Correlation,https://doi.org/10.3390/su151813783
Incipient Fault Detection for Rolling Element Bearings under Varying Speed Conditions,https://doi.org/10.3390/ma10060675
Increasing the reliability of wind turbines using condition monitoring of semiconductor devices: a review,https://doi.org/10.1049/iet-rpg.2017.0477
Industrial digital twins in offshore wind farms,https://doi.org/10.1186/s42162-024-00306-6
Influence of extended potential-to-functional failure intervals through condition monitoring systems on offshore wind turbine availability,https://doi.org/10.1016/j.ress.2020.107404
Influence of statistical uncertainty of component reliability estimations on offshore wind farm availability,https://doi.org/10.1016/j.ress.2017.05.021
Insight into Wind Turbine Planet Bearing Fault Prediction Using SCADA Data,https://doi.org/10.36001/phme.2018.v4i1.455
Inspection of Floating Offshore Wind Turbines Using Multi-Rotor Unmanned Aerial Vehicles: Literature Review and Trends,https://doi.org/10.3390/s24030911
Integrated Vibro-Acoustic Analysis and Empirical Mode Decomposition for Fault Diagnosis of Gears in a Wind Turbine,https://doi.org/10.1016/j.prostr.2019.07.074
Integrated data‐driven model‐based approach to condition monitoring of the wind turbine gearbox,https://doi.org/10.1049/iet-rpg.2016.0216
Intelligent Control System for Wind Turbine Farms Using IoT and Machine Learning,https://doi.org/10.1051/e3sconf/202338704004
Intelligent Incipient Fault Detection in Wind Turbines based on Industrial IoT Environment,https://doi.org/10.33969/ais.2019.11001
Intelligent system for fault detection in wind turbines gearbox,10.1109/PTC.2015.7232407
Intelligent wind turbine blade icing detection using supervisory control and data acquisition data and ensemble deep learning,10.1002/ese3.449
Inter-turn Short Circuit Fault Diagnosis and Severity Estimation for Wind Turbine Generators,10.1088/1742-6596/2767/3/032021
Internal electrical fault detection techniques in DFIG-based wind turbines: a review,https://doi.org/10.1186/s41601-022-00236-z
Internet of Things-Based Control of Induction Machines: Specifics of Electric Drives and Wind Energy Conversion Systems,https://doi.org/10.3390/en17030645
Investigation of Inverter Temperature Prediction Model in Wind Farm Based on SCADA Data,https://doi.org/10.32604/ee.2022.014718
Investigation of Isolation Forest for Wind Turbine Pitch System Condition Monitoring Using SCADA Data,https://doi.org/10.3390/en14206601
Investigation of Optimum Crew Transfer Vessel Fleet for Offshore Wind Farm Maintenance Operations,https://doi.org/10.1260/0309-524x.39.1.31
Learning Deep Representation for Blades Icing Fault Detection of Wind Turbines,10.1109/ICPHM.2018.8448394
Life Cycle Assessment of Piezoelectric Devices Implemented in Wind Turbine Condition Monitoring Systems,https://doi.org/10.3390/en17163928
Life Prediction of Bearing for the Drive Train of a Wind Turbine,https://doi.org/10.36001/phme.2018.v4i1.413
Limitations and Opportunities in PHM for Offshore Wind Farms: A Socio-Technical-Ecological System Perspective,https://doi.org/10.36001/phmconf.2023.v15i1.3697
Logistic Model Tree Classifier for Condition Monitoring of Wind Turbine Blades,https://doi.org/10.35940/ijrte.b1033.0982s1119
Long-term fatigue estimation on offshore wind turbines interface loads through loss function physics-guided learning of neural networks,https://doi.org/10.1016/j.renene.2023.01.093
MONITORING MOORING(MONIMOOR) LINES OF FLOATING STRUCTURES USING DEEP LEARNING BASED APPROACHES,https://doi.org/10.7712/120123.10395.20236
Machine Learning for Wind Turbine Blades Maintenance Management,https://doi.org/10.3390/en11010013
Machine Learning on Fault Diagnosis in Wind Turbines,10.3390/fluids7120371
Machine learning applied to wind turbine blades impact detection,https://doi.org/10.1177/0309524x19849859
Machine learning-based icing prediction on wind turbines,https://doi.org/10.1016/j.procir.2019.03.073
Magnetic Signature-Based Model Using Machine Learning for Electrical and Mechanical Faults Classification of Wind Turbine Drive Trains,10.1109/ISGT59692.2024.10454244
Main Bearing Fault Prognosis in Wind Turbines based on Gated Recurrent Unit Neural Networks,10.24084/repqj20.329
Maintenance Optimization of Offshore Wind Turbines Based on an Opportunistic Maintenance Strategy,https://doi.org/10.3390/en12142650
Maintenance Optimization of Wind Turbines Using Weather-Dependent Equivalent Age Model,https://doi.org/10.21926/jept.2103036
Mechanical Fault Diagnosis Technology of Wind Turbine Transmission System Based on Image Features,https://doi.org/10.1155/2022/5344652
Methodology for detecting malfunctions and evaluating the maintenance effectiveness in wind turbine generator bearings using generic versus specific models from SCADA data,10.3390/en11040746
"Model and Simulation of a Floating Hybrid Wind and Current Turbines Integrated Generator System, Part I: Kinematics and Dynamics",https://doi.org/10.3390/jmse11010126
Modelling Wind Turbine Failures based on Weather Conditions,https://doi.org/10.1088/1742-6596/926/1/012012
Modelling the effects of environmental conditions on wind turbine failures,https://doi.org/10.1002/we.2201
Monitoring Wind Turbine Gearbox with Echo State Network Modeling and Dynamic Threshold Using SCADA Vibration Data,https://doi.org/10.3390/en12060982
Monitoring and Identifying Wind Turbine Generator Bearing Faults Using Deep Belief Network and EWMA Control Charts,https://doi.org/10.3389/fenrg.2021.799039
Monitoring gearbox using a wireless temperature node powered by thermal energy harvesting module,https://doi.org/10.23919/iconac.2017.8081994
Monitoring the Oil of Wind-Turbine Gearboxes: Main Degradation Indicators and Detection Methods,https://doi.org/10.3390/machines6020025
Multi-Running State Health Assessment of Wind Turbines Drive System Based on BiLSTM and GMM,10.1109/ACCESS.2020.3014371
Multidimensional Tensor-Based Inductive Thermography With Multiple Physical Fields for Offshore Wind Turbine Gear Inspection,https://doi.org/10.1109/tie.2016.2574987
Multiscale Wavelet-Driven Graph Convolutional Network for Blade Icing Detection of Wind Turbines,https://doi.org/10.1109/jsen.2022.3211079
Multi‐component condition monitoring method for wind turbine gearbox based on adaptive noise reduction,https://doi.org/10.1049/rpg2.12772
Neural Networks for Offshore Wind Turbine Converter Failure Prognosis,10.1016/j.ifacol.2024.07.283
Non-contact sensing for anomaly detection in wind turbine blades: A focus-SVDD with complex-valued auto-encoder approach,10.1016/j.ymssp.2023.111022
"Novel Diagnosis Technologies for a Lack of Oil Lubrication in Gearmotor Systems, Based on Motor Current Signature Analysis",https://doi.org/10.3390/s22239507
Oct-TCN-based wind turbine generator failure fault prediction research,10.1504/IJAAC.2024.138221
On Fault Prediction for Wind Turbine Pitch System Using Radar Chart and Support Vector Machine Approach,https://doi.org/10.3390/en12142693
On the Development of Offshore Wind Turbine Technology: An Assessment of Reliability Rates and Fault Detection Methods in a Changing Market,https://doi.org/10.3390/en15093180
On the hierarchical Bayesian modelling of frequency response functions,https://doi.org/10.1016/j.ymssp.2023.111072
On the use of Artificial Intelligence for Condition Monitoring in Horizontal-Axis Wind Turbines,https://doi.org/10.1088/1755-1315/1073/1/012005
Operation State Recognition of Renewable Energy Unit Based on SSAE and Improved KNN Algorithm,https://doi.org/10.1109/access.2023.3296533
Operation State of the Wind Turbine Pitch System Based on Fuzzy Comprehensive Evaluation,https://doi.org/10.32604/ee.2023.023049
Operational data to maintenance optimization: Closing the loop in offshore wind O&M,10.1115/IOWTC2018-1058
Optimal Maintenance Management of Offshore Wind Farms,https://doi.org/10.3390/en9010046
Optimal Preventive Maintenance Scheduling for Wind Turbines under Condition Monitoring,https://doi.org/10.3390/en17020280
Optimal maintenance management of offshore wind turbines by minimizing the costs,https://doi.org/10.1016/j.seta.2022.102230
Optimization Models for Operations and Maintenance of Offshore Wind Turbines Based on Artificial Intelligence and Operations Research: A Systematic Literature Review,https://doi.org/10.5539/ijbm.v19n3p1
Optimized Extreme Learning Machine-Based Main Bearing Temperature Monitoring Considering Ambient Conditions’ Effects,https://doi.org/10.3390/en14227529
PCA-BASED ACCELEROMETER DATA TRANSFORMATION IN OFFSHORE JACKET-TYPE WIND TURBINE SUPPORT STRUCTURES FOR INCIPIENT DAMAGE DETECTION,https://doi.org/10.7712/150123.9836.441277
Performance Monitoring of Wind Turbines Gearbox Utilising Artificial Neural Networks — Steps toward Successful Implementation of Predictive Maintenance Strategy,10.3390/pr11010269
Performance analysis of different predictive models for condition monitoring of direct drive wind turbine generator,10.1177/00202940211003930
Performance assessment of wind turbine gearboxes using in-service data: Current approaches and future trends,https://doi.org/10.1016/j.rser.2015.04.139
Power quality monitoring in electric grid integrating offshore wind energy: A review,https://doi.org/10.1016/j.rser.2023.114094
"Predicting Frequency, Time-To-Repair and Costs of Wind Turbine Failures",https://doi.org/10.3390/en13051149
Prediction of Remaining Useful Life of Wind Turbine Bearings under Non-Stationary Operating Conditions,https://doi.org/10.3390/en11123318
Prediction of wind turbine blade icing fault based on selective deep ensemble model,10.1016/j.knosys.2022.108290
Prediction of wind turbine generator bearing failure through analysis of high‐frequency vibration data and the application of support vector machine algorithms,https://doi.org/10.1049/joe.2018.9281
Prediction of wind turbine generator failure using two-stage cluster-classification methodology,10.1002/we.2391
Predictions for Bending Strain at the Tower Bottom of Offshore Wind Turbine Based on the LSTM Model,https://doi.org/10.3390/en16134922
Predictive digital twin for offshore wind farms,https://doi.org/10.1186/s42162-023-00257-4
Predictive maintenance of wind turbine’s main bearing using wind farm SCADA data and LSTM neural networks,https://doi.org/10.1088/1742-6596/2507/1/012024
Predictive repair scheduling of wind turbine drive-train components based on machine learning,10.1002/we.2352
Probabilistic analysis of gear flank micro‐pitting risk in wind turbine gearbox using supervisory control and data acquisition data,https://doi.org/10.1049/iet-rpg.2014.0277
Prognosis of a Wind Turbine Gearbox Bearing Using Supervised Machine Learning,https://doi.org/10.3390/s19143092
Prognosis of the Remaining Useful Life of Bearings in a Wind Turbine Gearbox,https://doi.org/10.3390/en10010032
Prognosis of wind turbine gearbox bearing failures using SCADA and modeled data,10.36001/phmconf.2020.v12i1.1292
Prognostic condition monitoring for wind turbine drivetrains via generator current analysis,https://doi.org/10.23919/cjee.2018.8471293
Prospects of structural damage identification using modal analysis and anomaly detection,10.1016/j.prostr.2022.01.103
Quantile regression neural network-based fault detection scheme for wind turbines with application to monitoring a bearing,10.1002/we.2375
Real-Time Monitoring of Wind Turbine Bearing Using Simple Neural Network on Raspberry Pi,https://doi.org/10.3390/app14073129
Reasons for wind turbine generator failures: a multi-criteria approach for sustainable power production,https://doi.org/10.1186/s40807-016-0029-1
Recent developments in offshore wind energy systems: Technologies and practices,https://doi.org/10.11591/ijaas.v11.i3.pp220-231
Redefining Digital Twins – A Wind Energy Operations and Maintenance Perspective,https://doi.org/10.1088/1742-6596/2767/5/052001
Reduced neural network based ensemble approach for fault detection and diagnosis of wind energy converter systems,https://doi.org/10.1016/j.renene.2022.05.082
Redundant Anticipatory Control to Avoid Wind Turbine Failures Based on SCADA Data,10.1109/ICCAR.2019.8813313
Region-Based Convolutional Neural Network for Wind Turbine Wake Characterization in Complex Terrain,https://doi.org/10.3390/rs13214438
Reliability Based Maintenance Planning of Wind Turbine Using Bond Graph,https://doi.org/10.13189/ujme.2017.050401
Reliability of Wind Turbine Power Modules using High-Resolution Wind Data Reconstruction: A Digital Twin Concept,https://doi.org/10.1109/ecce47101.2021.9595095
Reliability of Wind Turbines In Renewable Rich Microgrid,10.1109/AICT59525.2023.10313171
Reliability of offshore wind turbine support structures: A state-of-the-art review,https://doi.org/10.1016/j.rser.2022.112250
Reliability of onshore wind turbines based on linking power curves to failure and maintenance records: A case study in central Spain,https://doi.org/10.1002/we.2793
"Reliability, availability, maintainability data review for the identification of trends in offshore wind energy applications",https://doi.org/10.1016/j.rser.2020.110414
Reliability-based leading edge erosion maintenance strategy selection framework,https://doi.org/10.1016/j.apenergy.2023.122612
Remaining Useful Life Estimation Framework for the Main Bearing of Wind Turbines Operating in Real Time,https://doi.org/10.3390/en17061430
Remaining Useful Life Estimation of Wind Turbine Blades under Variable Wind Speed Conditions Using Particle Filters,https://doi.org/10.36001/phmconf.2018.v10i1.481
Representation Learning for Detecting the Faults in a Wind Turbine Hydraulic Pitch System Using Deep Learning,10.3390/en15249279
ResDenIncepNet-CBAM with principal component analysis for wind turbine blade cracking fault prediction with only short time scale SCADA data,10.1016/j.measurement.2023.112696
Research on Fault Early Warning of Wind Turbine Based on IPSO-DBN,https://doi.org/10.3390/en15239072
Research on Hyper pipes and Voting Feature Intervals Classifier for Condition Monitoring of Wind Turbine Blades using Vibration Signals,https://doi.org/10.35940/ijrte.b1049.0982s1119
Research on Real Working Condition Simulation and Performance Test of Wind Power Main Bearing Based on Test Bench,https://doi.org/10.1155/2021/6623988
Research on State Prediction of Wind Turbine Gearbox Based on Monitoring Data Distribution Similarity and Feature-Based Transfer Learning,10.1007/978-981-97-0922-9_120
Research on Wind Turbine Blade Damage Fault Diagnosis Based on GH Bladed,https://doi.org/10.3390/jmse11061126
Research on failure prediction of wind turbines in offshore wind clusters,https://doi.org/10.1093/ijlct/ctad054
Research on force model and characteristics of large wind turbine pitch system based on SCADA data,https://doi.org/10.3389/fenrg.2023.1203158
Research on main bearing life prediction of direct-drive wind turbine based on digital twin technology,https://doi.org/10.1088/1361-6501/ac99f4
Research on the Effect of Aerodynamic Imbalance on Fatigue Performance of a Wind Turbine Foundation with Embedded Steel Ring,https://doi.org/10.3390/buildings14041141
Research on the Icing Diagnosis of Wind Turbine Blades Based on FS–XGBoost–EWMA,https://doi.org/10.32604/ee.2024.048854
Research on the method of digital twin operation and maintenance platform for intelligent early warning of wind turbine tower,https://doi.org/10.36001/phmap.2023.v4i1.3666
Review and analysis of the failure risk mitigation via monitoring for monopile offshore wind structures,https://doi.org/10.1016/j.egyr.2024.05.026
Review of Data-Driven Approaches for Wind Turbine Blade Icing Detection,https://doi.org/10.3390/su15021617
Review of Natural Hazard Risks for Wind Farms,https://doi.org/10.3390/en16031207
Review of corrosion monitoring and prognostics in offshore wind turbine structures: Current status and feasible approaches,https://doi.org/10.3389/fenrg.2022.991343
Review of the Typical Damage and Damage-Detection Methods of Large Wind Turbine Blades,https://doi.org/10.3390/en15155672
Review on Artificial Intelligence-aided Life Extension Assessment of Offshore Wind Support Structures,https://doi.org/10.1007/s11804-022-00298-3
"Review on Monitoring, Operation and Maintenance of Smart Offshore Wind Farms",https://doi.org/10.3390/s22082822
Review on the Advancements in Wind Turbine Blade Inspection: Integrating Drone and Deep Learning Technologies for Enhanced Defect Detection,10.1109/ACCESS.2024.3371493
Risk-based maintenance strategy selection for wind turbine composite blades,https://doi.org/10.1016/j.egyr.2022.04.027
Robust fault estimation of a blade pitch and drivetrain system in wind turbine model,https://doi.org/10.1177/1077546320926274
SCADA Data-Based Support Vector Machine for False Alarm Identification for Wind Turbine Management,10.32604/iasc.2023.037277
SCADA Data-Based Working Condition Classification for Condition Assessment of Wind Turbine Main Transmission System,https://doi.org/10.3390/en14217043
SCADA Data-Driven Wind Turbine Main Bearing Fault Prognosis Based on Principal Component Analysis,https://doi.org/10.1088/1742-6596/2265/3/032107
SCADA data-driven blade icing detection for wind turbines: an enhanced spatio-temporal feature learning approach,10.1088/1361-6501/acb78e
SCADA-based neural network thrust load model for fatigue assessment: cross validation with in-situ measurements,https://doi.org/10.1088/1742-6596/1618/2/022020
SSAE-MLP: Stacked sparse autoencoders-based multi-layer perceptron for main bearing temperature prediction of large-scale wind turbines,10.1002/cpe.6315
Self-Powered Wireless Sensor for Fault Diagnosis of Wind Turbine Planetary Gearbox,https://doi.org/10.1109/access.2019.2925426
Self-adaptive optimized maintenance of offshore wind turbines by intelligent Petri nets,https://doi.org/10.1016/j.ress.2022.109013
Semi-Supervised Blade Icing Detection Method Based on Tri-XGBoost,https://doi.org/10.3390/act12020058
Sensor Screening Methodology for Virtually Sensing Transmission Input Loads of a Wind Turbine Using Machine Learning Techniques and Drivetrain Simulations,https://doi.org/10.3390/s22103659
Soft-masks guided faster region-based convolutional neural network for domain adaptation in wind turbine detection,https://doi.org/10.3389/fenrg.2022.1083005
Spectral diffusion map approach for structural health monitoring of wind turbine blades,https://doi.org/10.1109/acc.2015.7172249
Standardisation of wind turbine SCADA data for gearbox fault detection,https://doi.org/10.1049/joe.2018.9319
State-of-the-art review of product stewardship strategies for large composite wind turbine blades,https://doi.org/10.1016/j.rcradv.2022.200109
Stator winding fault detection of induction generator based wind turbine using ANN,https://doi.org/10.11591/ijeecs.v19.i1.pp126-133
Stochastic operation model for readiness assessment of small wind turbines based on Markov theory,https://doi.org/10.1049/rpg2.12924
Structural Damage Identification of Low-Carbon Energy Infrastructure Using Convolutional Neural Networks: A Case Study of Wind Turbines,10.1109/ICAC57885.2023.10275268
Structural health monitoring for delamination detection and location in wind turbine blades employing guided waves,https://doi.org/10.1002/we.2316
Structural health monitoring for jacket-type offshore wind turbines: Experimental proof of concept,10.3390/s20071835
Structural health monitoring in a jacket-type wind turbine foundation: a minimum distortion embedding approach,https://doi.org/10.23967/latam.2023.049
Structural health monitoring of offshore wind turbines: A review through the Statistical Pattern Recognition Paradigm,https://doi.org/10.1016/j.rser.2016.05.085
Structure Guided Unsupervised Condition Monitoring of Wind Turbine Pitch System: A Deep One-Class Classification Approach,10.1109/CAC59555.2023.10451160
Study of Wind Turbine Fault Diagnosis Based on Unscented Kalman Filter and SCADA Data,https://doi.org/10.3390/en9100847
Surface Damage Identification of Wind Turbine Blade Based on Improved Lightweight Asymmetric Convolutional Neural Network,https://doi.org/10.3390/app13106330
Surrogate modelling for ice accretion prediction on wind turbine blades based on support vector regression,https://doi.org/10.1049/rpg2.12999
Symbiotic System of Systems Design for Safe and Resilient Autonomous Robotics in Offshore Wind Farms,https://doi.org/10.1109/access.2021.3117727
System Health Monitoring of Wind Turbines Using SCADA Data and Gaussian Mixture Models,https://doi.org/10.36001/phmap.2017.v1i1.1806
TOWER VIBRATION-BASED ICING DETECTION ON OPERATIONAL WIND TURBINES,https://doi.org/10.12783/shm2023/37040
Temperature Prediction for 3 MW Wind-Turbine Gearbox Based on Thermal Network Model,https://doi.org/10.3390/machines12030175
The Pre-Processing of WT Blade Images by SS and Bilateral Filter with Machine Learning Frameworks,https://doi.org/10.51400/2709-6998.2724
The Use of Coherence Functions of Acoustic Emission Signals as a Method for Diagnosing Wind Turbine Blades,https://doi.org/10.3390/en16227474
The detection of generator bearing failures on wind turbines using machine learning based anomaly detection,https://doi.org/10.1088/1742-6596/2265/3/032066
The rotor as a sensor – observing shear and veer from the operational data of a large wind turbine,https://doi.org/10.5194/wes-9-1419-2024
Thermal modelling of a small wind turbine gearbox for condition monitoring,https://doi.org/10.1049/joe.2018.9282
Three-Tier Modular Structural Health Monitoring Framework Using Environmental and Operational Condition Clustering for Data Normalization: Validation on an Operational Wind Turbine System,https://doi.org/10.1109/jproc.2016.2566602
Time Sequence Machine Learning-Based Data Intrusion Detection for Smart Voltage Source Converter-Enabled Power Grid,10.1109/JSYST.2022.3186619
Towards a Distributed Digital Twin Framework for Predictive Maintenance in Industrial Internet of Things (IIoT),https://doi.org/10.3390/s24082663
Transfer Learning of Model-Based Neural Network for Transfer Function Inversion and Load Monitoring of Wind Turbines,https://doi.org/10.1088/1742-6596/2265/3/032081
Typhoon Resistance Analysis of Offshore Wind Turbines: A Review,https://doi.org/10.3390/atmos13030451
Ultra-low frequency multidirectional harvester for wind turbines,https://doi.org/10.1016/j.apenergy.2023.120715
Unsupervised Data-Driven Approach for Scour Damage Detection in Offshore Monopile Foundations,https://doi.org/10.58286/29831
Unsupervised transfer learning for condition monitoring of a fleet of wind turbines,https://doi.org/10.36001/phmconf.2021.v13i1.3069
Value of information of structural health monitoring with temporally dependent observations,https://doi.org/10.1177/14759217211030605
Variable pitch fault prediction of wind power system based on LS-SVM of parameter optimization,10.1007/978-981-10-6445-6_34
Vibration Analysis and Time Series Prediction for Wind Turbine Gearbox Prognostics,https://doi.org/10.36001/ijphm.2013.v4i3.2144
Vibration Analysis for Fault Detection of Wind Turbine Drivetrains—A Comprehensive Investigation,https://doi.org/10.3390/s21051686
Vibration Fault Diagnosis in Wind Turbines Based on Automated Feature Learning,https://doi.org/10.3390/en15041514
Vibration-Based SHM in the Synthetic Mooring Lines of the Semisubmersible OO-Star Wind Floater under Varying Environmental and Operational Conditions,https://doi.org/10.3390/s24020543
Vibration-response-only structural health monitoring for offshore wind turbine jacket foundations via convolutional neural networks,10.3390/s20123429
Vibration‐based monitoring of a small‐scale wind turbine blade under varying climate conditions. Part I: An experimental benchmark,https://doi.org/10.1002/stc.2660
Virtual Sensor for Real-Time Bearing Load Prediction Using Heterogeneous Temporal Graph Neural Networks,https://doi.org/10.36001/phme.2024.v8i1.3998
Visible Light Communication System for Offshore Wind Turbine Foundation Scour Early Warning Monitoring,https://doi.org/10.3390/w11071486
Wavelet‐based index to discriminate between minor inter‐turn short‐circuit and resistive asymmetrical faults in stator windings of doubly fed induction generators: a simulation study,https://doi.org/10.1049/iet-gtd.2015.0545
Wind Turbine Anomaly Identification Based on Improved Deep Belief Network with SCADA Data,https://doi.org/10.1155/2021/8810045
Wind Turbine Blade Cracking Detection under Imbalanced Data Using a Novel Roundtrip Auto-Encoder Approach,https://doi.org/10.3390/app132111628
Wind Turbine Blade Damage Detection Using Supervised Machine Learning Algorithms,https://doi.org/10.1115/1.4036951
Wind Turbine Blade Fault Diagnosis Using Vibration Signals through Decision Tree Algorithm,https://doi.org/10.17485/ijst/2016/v9i48/107936
Wind Turbine Blade Icing Fault Prediction Based on SCADA Data by XGBoost,https://doi.org/10.25236/ajets.2022.050206
Wind Turbine Condition Monitoring Based on Bagging Ensemble Strategy and KNN Algorithm,10.1109/ACCESS.2022.3164717
Wind Turbine Damage Equivalent Load Assessment Using Gaussian Process Regression Combining Measurement and Synthetic Data,https://doi.org/10.3390/en17020346
Wind Turbine Gearbox Condition Monitoring Using Hybrid Attentions and Spatio-Temporal BiConvLSTM Network,https://doi.org/10.3390/en16196786
Wind Turbine Gearbox Failure Detection Based on SCADA Data: A Deep Learning-Based Approach,10.1109/TIM.2020.3045800
Wind Turbine Gearbox Failure Detection Through Cumulative Sum of Multivariate Time Series Data,https://doi.org/10.3389/fenrg.2022.904622
Wind Turbine Gearbox Failure Identification With Deep Neural Networks,10.1109/TII.2016.2607179
Wind Turbine Gearbox Temperature Monitor Based On CITDMFPA-WNN,https://doi.org/10.2991/iceeecs-16.2016.159
Wind Turbine Gearbox fault early warning based on NEST,https://doi.org/10.2991/emcpe-16.2016.172
Wind Turbine Geometrical and Operation Variables Reconstruction from Blade Acceleration Measurements,https://doi.org/10.3390/en17010229
Wind Turbine Intelligent Gear Fault Identification,https://doi.org/10.36001/phmconf.2017.v9i1.2427
Wind Turbine Loads Induced by Terrain and Wakes: An Experimental Study through Vibration Analysis and Computational Fluid Dynamics,https://doi.org/10.3390/en10111839
Wind Turbine Main Bearing Failure Prediction using a Hybrid Neural Network,https://doi.org/10.1088/1742-6596/2265/3/032090
Wind Turbine Pitch System Condition Monitoring and Fault Detection Based on Optimized Relevance Vector Machine Regression,10.1109/TSTE.2019.2954834
Wind Turbine Pitch System Fault Detection Using ssODM-DSTA,https://doi.org/10.3389/fenrg.2021.750983
Wind Turbine Spindle Operating State Recognition and Early Warning Driven by SCADA Data,https://doi.org/10.32604/ee.2023.026329
"Wind Turbine Static Errors Related to Yaw, Pitch or Anemometer Apparatus: Guidelines for the Diagnosis and Related Performance Assessment",https://doi.org/10.3390/en17246381
Wind Turbines Acoustic Inspections performed with UAV and sound frequency domain analysis,10.1109/ICCIA52082.2021.9403603
Wind Turbines Condition Monitoring and Fault Identification using Acoustic Emission Testing Method,https://doi.org/10.14257/ijca.2015.8.4.09
Wind Turbines Control Trends and Challenges: An Overview,https://doi.org/10.53894/ijirss.v5i4.910
Wind energy: UK experiences and offshore operational challenges,https://doi.org/10.1177/0957650915597560
Wind turbine database for intelligent operation and maintenance strategies,https://doi.org/10.1038/s41597-024-03067-9
Wind turbine drivetrains: state-of-the-art technologies and future development trends,https://doi.org/10.5194/wes-7-387-2022
Wind turbine fault detection based on the transformer model using SCADA data,10.1016/j.engfailanal.2024.108354
Wind turbine fault detection using highly imbalanced real scada data,10.3390/en14061728
Wind turbine gearbox condition monitoring based on class of support vector regression models and residual analysis,10.3390/s20236742
Wind turbine gearbox failure and remaining useful life prediction using machine learning techniques,https://doi.org/10.1002/we.2290
Wind turbine gearbox fault prognosis using high-frequency SCADA data,https://doi.org/10.1088/1742-6596/2265/3/032067
Wind turbine gearbox vibration signal signature and fault development through time,https://doi.org/10.23919/eusipco.2017.8081435
Wind turbine generator prognostics using field SCADA data,https://doi.org/10.1088/1742-6596/2265/3/032111
Wind turbine planetary gearbox feature extraction and fault diagnosis using a deep-learning-based approach,10.1177/1748006X18768701
Working Condition Identification Method of Wind Turbine Drivetrain,https://doi.org/10.3390/machines11040495
